	Gene	Distance To Closest Splicing Site (bp)	#chr:pos	F_PGC_4W_embryo2_sc1	F_PGC_4W_embryo2_sc2	F_PGC_4W_embryo2_sc3	F_PGC_4W_embryo2_sc4	F_PGC_4W_embryo2_sc5	F_PGC_4W_embryo2_sc6	F_PGC_4W_embryo2_sc7	F_PGC_4W_embryo2_sc8	F_PGC_4W_embryo2_sc9	F_PGC_4W_embryo2_sc10	F_Soma_4W_embryo2_sc1	F_Soma_4W_embryo2_sc2	F_Soma_4W_embryo2_sc3	F_Soma_4W_embryo2_sc4	F_Soma_4W_embryo2_sc5	F_Soma_4W_embryo2_sc6
rs6639759	HDHD1	810	chrX:6967702	0.222892	0.423077	0.316667	0.095745	1	0.156463	0.461538	0.020134	0.492754	0.007353	1	0.020833	nan	nan	0	0
rs11552290,rs371749	SLC25A5,SLC25A5	219	chrX:118603844	0	0	0.466184	0.347015	0.376068	0	0	0.002525	0.187135	1	0	0.271845	0	1	1	1
rs12390	SLC25A5	39	chrX:118604436	0	0	0.447013	0.334572	0.362283	0.008547	0	0	0.170157	0.006024	0	0.344828	0	1	1	0.027778